Episode,Total Reward,Epsilon,Gamma,LR,Xpos,Ypos,max_steps,step_count
0.0,56.220000000000006,1.0,0.99,0.001,611.1737000179367,681.2689178842778,500.0,26.0
1.0,33.63,0.995,0.99,0.001,583.7779663083894,698.7436925108557,500.0,17.0
2.0,57.81999999999999,0.990025,0.99,0.001,626.5390965208938,679.7743899066938,500.0,26.0
3.0,52.80000000000001,0.985074875,0.99,0.001,646.9529012261142,657.3998746766298,500.0,23.0
4.0,34.760000000000005,0.9801495006250001,0.99,0.001,507.5232665207411,736.2314132709215,500.0,25.0
5.0,61.879999999999995,0.9752487531218751,0.99,0.001,626.3313216278464,667.4818635460985,500.0,32.0
6.0,29.589999999999982,0.9703725093562657,0.99,0.001,478.6080693753711,637.1765104897047,500.0,17.0
7.0,73.08000000000001,0.9655206468094844,0.99,0.001,638.6619306961201,658.8207434343423,500.0,36.0
8.0,28.11,0.960693043575437,0.99,0.001,562.7140362757401,720.2928017434548,500.0,16.0
9.0,31.690000000000005,0.9558895783575597,0.99,0.001,581.855781623417,709.5414593191731,500.0,17.0
10.0,48.25000000000003,0.9511101304657719,0.99,0.001,552.5724866147438,715.1202681910684,500.0,27.0
11.0,44.769999999999996,0.946354579813443,0.99,0.001,580.6331027108159,715.0210663869605,500.0,25.0
12.0,54.78999999999999,0.9416228069143757,0.99,0.001,656.4855648491036,650.6833587536648,500.0,26.0
13.0,101.60000000000001,0.9369146928798039,0.99,0.001,751.7319850745153,451.53828582095264,500.0,38.0
14.0,29.51,0.9322301194154049,0.99,0.001,580.9663554470952,701.2324792309344,500.0,15.0
15.0,42.35000000000001,0.9275689688183278,0.99,0.001,551.9454449751661,728.8817279800683,500.0,25.0
16.0,36.879999999999995,0.9229311239742362,0.99,0.001,584.8506928773552,701.2550462149122,500.0,18.0
17.0,30.410000000000007,0.918316468354365,0.99,0.001,500.3608495062411,742.5288124544832,500.0,23.0
18.0,72.39999999999998,0.9137248860125932,0.99,0.001,707.0356285776523,584.5054603642907,500.0,28.0
19.0,41.13000000000001,0.9091562615825302,0.99,0.001,620.5023879656205,673.6166848290608,500.0,21.0
20.0,43.75000000000001,0.9046104802746175,0.99,0.001,636.1507215530461,667.1459669794837,500.0,19.0
21.0,63.04000000000001,0.9000874278732445,0.99,0.001,607.6655764679123,689.8599978286794,500.0,33.0
22.0,30.27,0.8955869907338783,0.99,0.001,555.606784637021,715.6538658723123,500.0,18.0
23.0,33.66000000000001,0.8911090557802088,0.99,0.001,469.0364924199638,639.631194849541,500.0,20.0
24.0,39.17999999999999,0.8866535105013078,0.99,0.001,588.9471198946175,699.2239299043476,500.0,22.0
25.0,29.000000000000004,0.8822202429488013,0.99,0.001,607.7210321020341,694.6701745798545,500.0,13.0
26.0,52.300000000000026,0.8778091417340573,0.99,0.001,669.3836026594687,641.157174650286,500.0,24.0
27.0,36.839999999999996,0.8734200960253871,0.99,0.001,572.221781071528,709.3632822710133,500.0,23.0
28.0,34.260000000000005,0.8690529955452602,0.99,0.001,564.6719345429261,719.8852320727032,500.0,18.0
29.0,34.56,0.8647077305675338,0.99,0.001,592.9215329993293,694.2829640556438,500.0,19.0
30.0,59.06000000000001,0.8603841919146962,0.99,0.001,584.2921077111788,705.8852488372071,500.0,33.0
31.0,35.13000000000001,0.8560822709551227,0.99,0.001,594.3732716239055,701.5077927288035,500.0,17.0
32.0,57.51,0.851801859600347,0.99,0.001,566.9175454340839,712.6399466471953,500.0,33.0
33.0,35.24,0.8475428503023453,0.99,0.001,587.7488391168873,701.8373952681565,500.0,18.0
34.0,36.34,0.8433051360508336,0.99,0.001,590.7244517030628,699.5823564133007,500.0,18.0
35.0,48.82,0.8390886103705794,0.99,0.001,626.5070078198468,673.513682549059,500.0,25.0
36.0,36.58,0.8348931673187264,0.99,0.001,580.3546307221952,711.8014562491536,500.0,21.0
37.0,64.07999999999998,0.8307187014821328,0.99,0.001,675.2057570184512,623.4170857460543,500.0,29.0
38.0,27.67000000000001,0.8265651079747222,0.99,0.001,547.3848605047311,722.4384241465481,500.0,18.0
39.0,40.29999999999999,0.8224322824348486,0.99,0.001,610.1199689594098,689.2605028273057,500.0,18.0
40.0,71.46,0.8183201210226743,0.99,0.001,727.5100846514767,537.4374667443843,500.0,27.0
41.0,17.13,0.8142285204175609,0.99,0.001,462.1611564217813,638.3785067156705,500.0,13.0
42.0,65.36000000000001,0.810157377815473,0.99,0.001,633.0653369879436,675.2473288560362,500.0,30.0
43.0,66.44,0.8061065909263957,0.99,0.001,685.6945362895324,613.298212701834,500.0,29.0
44.0,41.730000000000004,0.8020760579717637,0.99,0.001,594.3700843199871,701.885480714936,500.0,21.0
45.0,55.79,0.798065677681905,0.99,0.001,675.7186481545958,641.9525137171398,500.0,23.0
46.0,48.7,0.7940753492934954,0.99,0.001,645.6433866792311,655.2151985930387,500.0,21.0
47.0,59.789999999999985,0.7901049725470279,0.99,0.001,677.8388249360511,616.2904605639601,500.0,28.0
48.0,127.27000000000001,0.7861544476842928,0.99,0.001,737.3805503387341,296.6780769371241,500.0,45.0
49.0,64.32,0.7822236754458713,0.99,0.001,700.1304552233445,588.6406904225404,500.0,26.0
50.0,38.550000000000004,0.778312557068642,0.99,0.001,614.4837886794643,683.7459300943028,500.0,17.0
51.0,35.92,0.7744209942832988,0.99,0.001,597.4970851737397,690.0819200486596,500.0,18.0
52.0,50.84,0.7705488893118823,0.99,0.001,672.7093478115148,628.5925154913874,500.0,20.0
53.0,27.199999999999996,0.7666961448653229,0.99,0.001,481.6659155165261,741.0309478846403,500.0,22.0
54.0,66.56000000000002,0.7628626641409962,0.99,0.001,701.2319955874897,594.6232193735303,500.0,27.0
55.0,52.709999999999994,0.7590483508202912,0.99,0.001,645.6953774220318,672.4873714524605,500.0,24.0
56.0,30.379999999999992,0.7552531090661897,0.99,0.001,579.5837563265902,705.3068984971803,500.0,16.0
57.0,21.360000000000007,0.7514768435208588,0.99,0.001,488.0428593690812,740.1463692577863,500.0,16.0
58.0,57.019999999999975,0.7477194593032545,0.99,0.001,673.6241355472001,621.9131490306789,500.0,27.0
59.0,45.96000000000001,0.7439808620067382,0.99,0.001,627.6993656054366,666.3282502526057,500.0,20.0
60.0,42.2,0.7402609576967045,0.99,0.001,610.5047393462586,688.0784265910607,500.0,23.0
61.0,73.9,0.736559652908221,0.99,0.001,722.9551042056654,556.7930827258091,500.0,28.0
62.0,42.470000000000006,0.7328768546436799,0.99,0.001,643.7462619836163,662.9234230367799,500.0,18.0
63.0,70.07000000000001,0.7292124703704616,0.99,0.001,704.8999783086357,592.584155489758,500.0,27.0
64.0,27.21999999999999,0.7255664080186093,0.99,0.001,566.2788401766775,709.0515306742485,500.0,16.0
65.0,50.37,0.7219385759785162,0.99,0.001,601.4882697964355,691.5039624684044,500.0,24.0
66.0,36.099999999999994,0.7183288830986236,0.99,0.001,563.7662048667388,713.670433360938,500.0,23.0
67.0,26.160000000000007,0.7147372386831305,0.99,0.001,537.0091028540595,731.4630727468029,500.0,17.0
68.0,38.58999999999999,0.7111635524897149,0.99,0.001,581.6747875937016,705.1957637816084,500.0,24.0
69.0,35.540000000000006,0.7076077347272662,0.99,0.001,592.0386281840737,703.2317484311006,500.0,17.0
70.0,72.45,0.7040696960536299,0.99,0.001,737.6400877153177,521.0732092149567,500.0,26.0
71.0,79.97000000000001,0.7005493475733617,0.99,0.001,729.3978573864284,535.0493934049866,500.0,29.0
72.0,33.900000000000006,0.697046600835495,0.99,0.001,584.778332186611,700.6590571809269,500.0,21.0
73.0,71.14999999999999,0.6935613678313175,0.99,0.001,686.0740770375733,617.7182564613256,500.0,31.0
74.0,31.86,0.6900935609921609,0.99,0.001,562.2590266048328,711.8793016731601,500.0,17.0
75.0,49.439999999999976,0.6866430931872001,0.99,0.001,613.3545266517258,679.6632190762643,500.0,25.0
76.0,56.099999999999994,0.6832098777212641,0.99,0.001,619.1850735324728,681.3680297633938,500.0,32.0
77.0,34.349999999999994,0.6797938283326578,0.99,0.001,600.8570366051372,698.667919745715,500.0,18.0
78.0,35.650000000000006,0.6763948591909945,0.99,0.001,558.2286342413836,719.4473494378627,500.0,21.0
79.0,51.47000000000002,0.6730128848950395,0.99,0.001,611.839535067236,693.1085682380321,500.0,25.0
80.0,56.93,0.6696478204705644,0.99,0.001,550.369008920493,722.001213793121,500.0,33.0
81.0,84.13000000000005,0.6662995813682115,0.99,0.001,639.7193922190543,656.1884585371457,500.0,43.0
82.0,39.35,0.6629680834613705,0.99,0.001,579.0897434692201,705.3964266093118,500.0,22.0
83.0,79.78999999999999,0.6596532430440636,0.99,0.001,732.0736046309014,519.3369326939403,500.0,30.0
84.0,44.49000000000001,0.6563549768288433,0.99,0.001,587.6848063321867,714.1732765062965,500.0,22.0
85.0,43.74000000000002,0.653073201944699,0.99,0.001,645.639093285102,654.4624167313458,500.0,18.0
86.0,28.179999999999996,0.6498078359349755,0.99,0.001,577.1797568953222,710.2147621456855,500.0,14.0
87.0,39.65000000000002,0.6465587967553006,0.99,0.001,470.9018490049542,748.7709782482812,500.0,31.0
88.0,67.8,0.6433260027715241,0.99,0.001,710.5434441441222,571.979364270706,500.0,26.0
89.0,28.179999999999996,0.6401093727576664,0.99,0.001,554.0190407308061,716.222724261517,500.0,19.0
90.0,47.570000000000014,0.6369088258938781,0.99,0.001,592.6639013260236,697.7063512148189,500.0,26.0
91.0,68.42,0.6337242817644086,0.99,0.001,708.2906746212732,574.7657644186104,500.0,27.0
92.0,43.580000000000005,0.6305556603555866,0.99,0.001,603.1135150541405,688.5061307613298,500.0,21.0
93.0,45.93,0.6274028820538087,0.99,0.001,628.4209169863041,667.5464963234817,500.0,21.0
94.0,28.699999999999996,0.6242658676435396,0.99,0.001,571.0867534175318,709.2438683102197,500.0,14.0
95.0,36.55,0.6211445383053219,0.99,0.001,552.8116154094123,730.3981149745102,500.0,22.0
96.0,49.66000000000002,0.6180388156137953,0.99,0.001,681.991204461032,626.4373965261159,500.0,20.0
97.0,36.29,0.6149486215357263,0.99,0.001,566.3991314527407,710.9088236717006,500.0,18.0
98.0,43.940000000000005,0.6118738784280476,0.99,0.001,607.1624244062355,690.9882139153359,500.0,23.0
99.0,64.53999999999996,0.6088145090359074,0.99,0.001,678.1845301784015,620.5695284076852,500.0,28.0
100.0,85.23000000000002,0.6057704364907278,0.99,0.001,713.754652106836,567.3272656083451,500.0,40.0
101.0,118.12,0.6027415843082742,0.99,0.001,689.1499640247632,598.3707201433325,500.0,55.0
102.0,32.17,0.5997278763867329,0.99,0.001,545.5961861280247,736.2751384582618,500.0,19.0
103.0,32.57000000000001,0.5967292370047992,0.99,0.001,571.2464358093446,708.3231000375931,500.0,17.0
104.0,28.980000000000004,0.5937455908197752,0.99,0.001,584.2177889044455,710.0146748600688,500.0,15.0
105.0,47.540000000000006,0.5907768628656763,0.99,0.001,601.0331933695395,692.8089423548493,500.0,24.0
106.0,50.400000000000006,0.5878229785513479,0.99,0.001,613.0728897233271,682.0875922826433,500.0,23.0
107.0,56.19,0.5848838636585911,0.99,0.001,673.4613604185815,625.8656451025013,500.0,24.0
108.0,32.55999999999999,0.5819594443402982,0.99,0.001,581.8457249451906,699.788115359992,500.0,17.0
109.0,30.460000000000008,0.5790496471185967,0.99,0.001,589.8999856554047,708.1445864884045,500.0,16.0
110.0,23.020000000000003,0.5761543988830038,0.99,0.001,477.28531621255485,745.0393110785196,500.0,18.0
111.0,36.91000000000001,0.5732736268885887,0.99,0.001,452.7955763777829,644.2239442961887,500.0,26.0
112.0,33.96000000000002,0.5704072587541458,0.99,0.001,582.6682151117079,710.9632584647541,500.0,18.0
113.0,48.600000000000016,0.567555222460375,0.99,0.001,674.358189130521,644.316919400531,500.0,19.0
114.0,70.05000000000003,0.5647174463480732,0.99,0.001,691.1094865674871,616.3905020430211,500.0,32.0
115.0,59.41999999999999,0.5618938591163328,0.99,0.001,585.2882847452627,699.7314912438959,500.0,36.0
116.0,47.17000000000001,0.5590843898207511,0.99,0.001,629.4551480340931,673.793925122329,500.0,22.0
117.0,37.010000000000005,0.5562889678716474,0.99,0.001,618.6624783294486,688.0426000361896,500.0,18.0
118.0,41.18000000000001,0.5535075230322891,0.99,0.001,586.6711073957345,703.062107287259,500.0,21.0
119.0,59.019999999999996,0.5507399854171277,0.99,0.001,689.7094865236469,598.3247091696568,500.0,25.0
120.0,84.75,0.547986285490042,0.99,0.001,719.7901718206155,552.0646933665203,500.0,34.0
121.0,26.79,0.5452463540625918,0.99,0.001,573.7898994483138,705.6859507854103,500.0,14.0
122.0,74.97000000000001,0.5425201222922789,0.99,0.001,657.893561727017,667.6019984164217,500.0,37.0
123.0,29.899999999999995,0.5398075216808175,0.99,0.001,513.2854388655119,731.4223092215013,500.0,23.0
124.0,26.479999999999997,0.5371084840724134,0.99,0.001,565.8297600503682,721.6739511619888,500.0,15.0
125.0,70.66000000000001,0.5344229416520513,0.99,0.001,708.8035031086154,583.5257634409494,500.0,28.0
126.0,24.939999999999998,0.531750826943791,0.99,0.001,574.0161889677318,710.4825765275311,500.0,13.0
127.0,52.20000000000001,0.5290920728090721,0.99,0.001,631.3815219870779,666.9164103336043,500.0,24.0
128.0,57.540000000000006,0.5264466124450268,0.99,0.001,624.0228467290235,678.6601350795585,500.0,28.0
129.0,56.91000000000001,0.5238143793828016,0.99,0.001,588.0215854265473,557.9197824889815,500.0,22.0
130.0,42.26000000000003,0.5211953074858876,0.99,0.001,620.2710253973952,677.8884195681084,500.0,19.0
131.0,39.08999999999999,0.5185893309484582,0.99,0.001,586.3320301131932,706.1218923715614,500.0,20.0
132.0,65.35000000000004,0.5159963842937159,0.99,0.001,632.1780204121229,664.3024804091854,500.0,35.0
133.0,56.59999999999998,0.5134164023722473,0.99,0.001,643.1914712232775,655.0463386254781,500.0,28.0
134.0,42.500000000000014,0.510849320360386,0.99,0.001,639.6057132720912,657.2529078826637,500.0,19.0
135.0,73.32,0.5082950737585841,0.99,0.001,611.031263678844,689.7445622872159,500.0,37.0
136.0,50.470000000000006,0.5057535983897912,0.99,0.001,672.918491460486,642.2575941505866,500.0,20.0
137.0,28.800000000000004,0.5032248303978422,0.99,0.001,465.6700180153862,755.1392222339166,500.0,23.0
138.0,46.6,0.500708706245853,0.99,0.001,570.6705902504588,709.1804827632182,500.0,26.0
139.0,29.500000000000004,0.4982051627146237,0.99,0.001,543.5813766645902,727.4233748779551,500.0,19.0
140.0,26.330000000000002,0.49571413690105054,0.99,0.001,540.1590518325684,732.0595684374176,500.0,17.0
141.0,52.620000000000005,0.4932355662165453,0.99,0.001,674.5150286002689,643.9884616797951,500.0,21.0
142.0,60.379999999999995,0.4907693883854626,0.99,0.001,676.691758287727,627.8711507374403,500.0,24.0
143.0,79.35999999999997,0.4883155414435353,0.99,0.001,681.299693821252,616.251256904678,500.0,34.0
144.0,30.830000000000005,0.4858739637363176,0.99,0.001,594.6414642203099,706.3599130435642,500.0,15.0
145.0,35.0,0.483444593917636,0.99,0.001,637.5120517417264,667.6284440290698,500.0,15.0
146.0,28.940000000000005,0.4810273709480478,0.99,0.001,561.7980406667374,716.3826716876059,500.0,16.0
147.0,40.91000000000001,0.47862223409330756,0.99,0.001,538.3590092740093,724.7703275965835,500.0,25.0
148.0,53.900000000000006,0.47622912292284103,0.99,0.001,647.4071319566425,661.5572444253885,500.0,23.0
149.0,43.55000000000001,0.4738479773082268,0.99,0.001,603.9054492433152,692.3562435795608,500.0,20.0
150.0,25.720000000000006,0.47147873742168567,0.99,0.001,428.4949540543863,757.5260274036846,500.0,23.0
151.0,34.77000000000001,0.46912134373457726,0.99,0.001,602.6101601898274,690.5751846457854,500.0,16.0
152.0,43.870000000000005,0.46677573701590436,0.99,0.001,572.9506855345902,706.5045017428156,500.0,25.0
153.0,33.89,0.46444185833082485,0.99,0.001,646.853117678711,649.11020555971,500.0,13.0
154.0,43.54,0.46211964903917074,0.99,0.001,644.3925765582254,670.2613211581693,500.0,19.0
155.0,47.96999999999999,0.4598090507939749,0.99,0.001,636.6697629821138,660.1551784531242,500.0,21.0
156.0,24.330000000000002,0.457510005540005,0.99,0.001,566.7482135118294,715.3390047446824,500.0,14.0
157.0,46.209999999999994,0.45522245551230495,0.99,0.001,577.4439171446794,709.6297289921142,500.0,24.0
158.0,23.799999999999997,0.4529463432347434,0.99,0.001,524.7410551818723,727.9411296112388,500.0,15.0
159.0,48.25,0.4506816115185697,0.99,0.001,608.7807152566093,700.6026407965776,500.0,22.0
160.0,26.6,0.4484282034609769,0.99,0.001,583.201240239975,698.3716576673547,500.0,12.0
161.0,23.049999999999997,0.446186062443672,0.99,0.001,504.39166057045225,743.9724086281003,500.0,18.0
162.0,39.06,0.4439551321314536,0.99,0.001,629.6022205383873,682.160793408228,500.0,17.0
163.0,45.629999999999995,0.4417353564707963,0.99,0.001,596.1288872281738,698.0427522710687,500.0,24.0
164.0,47.75000000000003,0.43952667968844233,0.99,0.001,636.5077079153266,660.9752374159676,500.0,21.0
165.0,80.27000000000002,0.43732904629000013,0.99,0.001,733.2852253727385,516.9266750340972,500.0,29.0
166.0,41.099999999999994,0.4351424010585501,0.99,0.001,586.6202259053015,707.0598794883695,500.0,20.0
167.0,40.43999999999999,0.43296668905325736,0.99,0.001,590.3230315310042,703.0915008570778,500.0,20.0
168.0,73.01000000000002,0.43080185560799106,0.99,0.001,737.8796599860491,525.2231038877773,500.0,26.0
169.0,53.77,0.4286478463299511,0.99,0.001,593.0539356674655,699.9829873503533,500.0,31.0
170.0,32.68,0.42650460709830135,0.99,0.001,593.7668182291208,702.9151589405567,500.0,16.0
171.0,25.29,0.42437208406280985,0.99,0.001,577.2813204270323,712.8117651015256,500.0,13.0
172.0,62.280000000000015,0.4222502236424958,0.99,0.001,703.8637000504725,576.1867728622991,500.0,23.0
173.0,31.42000000000001,0.42013897252428334,0.99,0.001,579.1286967366561,710.8105413920514,500.0,19.0
174.0,52.47000000000001,0.4180382776616619,0.99,0.001,633.7020121061656,670.3245275317141,500.0,24.0
175.0,36.6,0.4159480862733536,0.99,0.001,582.7705427628456,703.3990298870478,500.0,18.0
176.0,36.599999999999994,0.41386834584198684,0.99,0.001,644.8674728034898,673.4219536306115,500.0,14.0
177.0,48.90000000000001,0.4117990041127769,0.99,0.001,647.3910577583114,667.4603955172025,500.0,20.0
178.0,77.95000000000003,0.40974000909221303,0.99,0.001,726.44778202687,541.7181187227626,500.0,30.0
179.0,28.410000000000007,0.40769130904675194,0.99,0.001,515.8552981708882,732.5299869790645,500.0,20.0
180.0,46.839999999999996,0.40565285250151817,0.99,0.001,692.4163209229781,611.3501213236241,500.0,17.0
181.0,27.810000000000002,0.4036245882390106,0.99,0.001,584.4673609368974,703.1609650916281,500.0,13.0
182.0,26.650000000000023,0.4016064652978155,0.99,0.001,393.33310609507464,750.3252001397298,500.0,26.0
183.0,27.630000000000003,0.3995984329713264,0.99,0.001,519.5292462542238,730.7240250731465,500.0,19.0
184.0,34.47000000000001,0.3976004408064698,0.99,0.001,515.0161312863344,739.2125355401311,500.0,25.0
185.0,31.690000000000005,0.39561243860243744,0.99,0.001,506.67123590191517,736.150741262069,500.0,22.0
186.0,25.979999999999997,0.3936343764094253,0.99,0.001,510.63907916000556,736.9722311116738,500.0,21.0
187.0,28.10000000000001,0.39166620452737816,0.99,0.001,520.7641834715419,742.5717319541022,500.0,22.0
188.0,45.999999999999986,0.3897078735047413,0.99,0.001,586.1304679401496,704.0211923974739,500.0,26.0
189.0,39.45999999999999,0.3877593341372176,0.99,0.001,611.3988424896472,680.703731743163,500.0,20.0
190.0,42.400000000000006,0.3858205374665315,0.99,0.001,685.4434462201708,614.4636046292213,500.0,16.0
191.0,41.31,0.38389143477919885,0.99,0.001,576.0600812695712,716.1678085703295,500.0,27.0
192.0,25.919999999999995,0.3819719776053028,0.99,0.001,511.2555538938617,734.2209213327365,500.0,21.0
193.0,33.62,0.3800621177172763,0.99,0.001,492.23481421274886,739.2780652013759,500.0,29.0
194.0,34.50000000000001,0.37816180712868996,0.99,0.001,510.7388086548395,739.2287710709256,500.0,20.0
195.0,32.71000000000001,0.37627099809304654,0.99,0.001,626.6255961388924,679.0521649189786,500.0,14.0
196.0,52.49000000000001,0.3743896431025813,0.99,0.001,651.3886124677757,646.3513106769187,500.0,23.0
197.0,37.4,0.37251769488706843,0.99,0.001,631.6050916158572,675.5998728234689,500.0,16.0
198.0,41.12999999999999,0.3706551064126331,0.99,0.001,540.2307497421717,723.1628735987733,500.0,28.0
199.0,51.30000000000001,0.36880183088056995,0.99,0.001,669.5729613343306,633.1947839511519,500.0,20.0
200.0,43.64999999999999,0.3669578217261671,0.99,0.001,654.8987211028698,645.0694098124864,500.0,17.0
201.0,24.900000000000006,0.36512303261753626,0.99,0.001,463.35174103534695,745.7486655616423,500.0,23.0
202.0,41.839999999999996,0.3632974174544486,0.99,0.001,618.2033360437209,673.7525718313087,500.0,19.0
203.0,40.24,0.3614809303671764,0.99,0.001,599.9731009044639,699.4789107831565,500.0,20.0
204.0,50.56,0.3596735257153405,0.99,0.001,508.0089954433905,733.795341560595,500.0,35.0
205.0,80.27,0.3578751580867638,0.99,0.001,731.7549596575435,532.7625137769614,500.0,31.0
206.0,41.670000000000016,0.35608578229633,0.99,0.001,655.034425944737,646.9575333171689,500.0,17.0
207.0,51.09000000000002,0.3543053533848483,0.99,0.001,686.339524527556,611.0768781958841,500.0,20.0
208.0,50.31000000000002,0.35253382661792404,0.99,0.001,639.9929799055116,661.5523790526021,500.0,23.0
209.0,61.449999999999996,0.3507711574848344,0.99,0.001,657.0136872853211,647.2303245774375,500.0,26.0
210.0,30.410000000000004,0.34901730169741024,0.99,0.001,514.8342149129568,739.0515037522684,500.0,22.0
211.0,30.33,0.3472722151889232,0.99,0.001,600.4717173481256,698.9427337656706,500.0,15.0
212.0,53.000000000000014,0.3455358541129786,0.99,0.001,676.2330323291446,615.4268279405657,500.0,20.0
213.0,46.63000000000001,0.3438081748424137,0.99,0.001,635.2962038956,665.6894711093388,500.0,21.0
214.0,29.570000000000004,0.3420891339682016,0.99,0.001,545.0483927271434,725.3721594902456,500.0,17.0
215.0,30.980000000000015,0.3403786882983606,0.99,0.001,595.684795823154,699.9709682975268,500.0,15.0
216.0,41.8,0.3386767948568688,0.99,0.001,582.6372220932836,710.4773932390774,500.0,22.0
217.0,31.479999999999997,0.33698341088258443,0.99,0.001,590.6993934949841,699.4055226804771,500.0,16.0
218.0,48.88999999999998,0.3352984938281715,0.99,0.001,673.5222651807179,630.5726216043662,500.0,21.0
219.0,31.990000000000002,0.33362200135903064,0.99,0.001,597.7998596019285,690.1419660895458,500.0,14.0
220.0,58.11000000000001,0.33195389135223546,0.99,0.001,684.4748811720483,614.6513850460417,500.0,23.0
221.0,27.020000000000003,0.3302941218954743,0.99,0.001,562.039092165811,719.6928682059724,500.0,15.0
222.0,50.56,0.32864265128599696,0.99,0.001,689.5056254747973,617.3166019174562,500.0,18.0
223.0,53.030000000000015,0.326999438029567,0.99,0.001,682.0564224092716,614.5721483903412,500.0,23.0
224.0,27.75,0.3253644408394192,0.99,0.001,465.2440256035998,755.1350297795792,500.0,24.0
225.0,44.38000000000001,0.3237376186352221,0.99,0.001,646.786874643916,650.5048875127369,500.0,19.0
226.0,33.230000000000004,0.322118930542046,0.99,0.001,642.1362046715112,673.1254010517029,500.0,13.0
227.0,28.179999999999996,0.32050833588933575,0.99,0.001,578.2185794551697,705.3274862522212,500.0,14.0
228.0,56.900000000000006,0.31890579420988907,0.99,0.001,618.0469898518617,687.5573461218132,500.0,26.0
229.0,26.259999999999994,0.3173112652388396,0.99,0.001,507.77162661598044,747.1765927590374,500.0,19.0
230.0,34.63000000000001,0.3157247089126454,0.99,0.001,615.2313549250778,684.2028777198151,500.0,17.0
231.0,41.459999999999994,0.3141460853680822,0.99,0.001,672.6079385458028,638.8462702924677,500.0,15.0
232.0,37.53,0.3125753549412418,0.99,0.001,568.544538836192,710.417441482719,500.0,20.0
233.0,60.09999999999999,0.31101247816653554,0.99,0.001,323.39349362794746,741.7406007541994,500.0,55.0
234.0,30.669999999999998,0.30945741577570285,0.99,0.001,536.1512845526141,723.4704833791789,500.0,19.0
235.0,56.36,0.3079101286968243,0.99,0.001,685.5499483118922,605.136800840394,500.0,22.0
236.0,32.94999999999999,0.3063705780533402,0.99,0.001,598.2796130619696,689.0007029825033,500.0,16.0
237.0,51.399999999999984,0.30483872516307353,0.99,0.001,700.8407093224879,581.3956889616811,500.0,17.0
238.0,29.930000000000003,0.3033145315372582,0.99,0.001,583.4802702578809,700.8455971223229,500.0,17.0
239.0,69.25000000000001,0.3017979588795719,0.99,0.001,758.1723319108158,477.96768474723035,500.0,22.0
240.0,35.24000000000001,0.30028896908517405,0.99,0.001,618.141631787408,680.3957790625349,500.0,17.0
241.0,35.559999999999995,0.2987875242397482,0.99,0.001,644.2114227070866,655.3788002996514,500.0,14.0
242.0,32.5,0.29729358661854943,0.99,0.001,592.2830516938867,698.0649436918571,500.0,15.0
243.0,84.08,0.29580711868545667,0.99,0.001,743.8434337784103,465.85528458675265,500.0,29.0
244.0,41.640000000000015,0.2943280830920294,0.99,0.001,644.9842798980876,653.8156000183754,500.0,19.0
245.0,90.65000000000009,0.29285644267656924,0.99,0.001,178.22391185430106,513.1338368286545,500.0,60.0
246.0,41.20000000000002,0.2913921604631864,0.99,0.001,676.3753766689761,624.3953217741287,500.0,15.0
247.0,31.990000000000002,0.28993519966087045,0.99,0.001,629.459560387609,678.4040884467195,500.0,13.0
248.0,53.40000000000001,0.2884855236625661,0.99,0.001,660.9550836743609,636.2973530636683,500.0,22.0
249.0,42.24999999999999,0.28704309604425327,0.99,0.001,611.64705910884,686.2750817307735,500.0,19.0
250.0,44.39,0.285607880564032,0.99,0.001,622.5110915047987,676.5708529342045,500.0,20.0
251.0,39.400000000000006,0.28417984116121187,0.99,0.001,660.8916851971971,650.760036130957,500.0,15.0
252.0,20.480000000000004,0.2827589419554058,0.99,0.001,462.0567319566537,752.0769617370946,500.0,17.0
253.0,37.53,0.28134514724562876,0.99,0.001,555.7051300856784,722.0969658388713,500.0,21.0
254.0,36.80000000000001,0.2799384215094006,0.99,0.001,645.8559928171504,661.4810276627027,500.0,15.0
255.0,41.669999999999995,0.27853872940185365,0.99,0.001,665.2239956430805,646.8535253507824,500.0,16.0
256.0,35.640000000000015,0.27714603575484437,0.99,0.001,604.9995574754419,691.8301031534756,500.0,17.0
257.0,54.040000000000006,0.2757603055760701,0.99,0.001,598.7697979145357,690.1306201782592,500.0,27.0
258.0,24.299999999999997,0.2743815040481898,0.99,0.001,426.91868501284074,758.9358955353449,500.0,23.0
259.0,23.400000000000002,0.2730095965279488,0.99,0.001,569.3728232581436,707.6077727847502,500.0,12.0
260.0,42.46000000000001,0.27164454854530906,0.99,0.001,601.6375141533099,699.5592538531034,500.0,21.0
261.0,35.900000000000006,0.2702863258025825,0.99,0.001,396.3006789387401,752.4692929474943,500.0,32.0
262.0,44.57,0.2689348941735696,0.99,0.001,593.4707988272178,694.0132485912729,500.0,22.0
263.0,34.5,0.26759021970270175,0.99,0.001,653.3110468822213,650.9434410722249,500.0,13.0
264.0,23.130000000000003,0.2662522686041882,0.99,0.001,551.9187270800475,723.625806597703,500.0,14.0
265.0,27.65,0.2649210072611673,0.99,0.001,534.7309238464371,727.2514186066543,500.0,18.0
266.0,45.209999999999994,0.26359640222486147,0.99,0.001,600.6858545767459,687.1996379555875,500.0,22.0
267.0,46.0,0.26227842021373715,0.99,0.001,658.3325391659233,649.8901397895258,500.0,19.0
268.0,66.43000000000004,0.2609670281126685,0.99,0.001,268.61417858991564,610.6067900264379,500.0,54.0
269.0,34.8,0.25966219297210513,0.99,0.001,594.4476025519646,704.5987012704296,500.0,16.0
270.0,56.080000000000005,0.2583638820072446,0.99,0.001,659.2547008992109,654.0399197812515,500.0,24.0
271.0,28.400000000000013,0.2570720625972084,0.99,0.001,461.69833445813526,751.8393050931929,500.0,24.0
272.0,51.8,0.25578670228422234,0.99,0.001,682.3018084779344,622.7468340307645,500.0,20.0
273.0,22.230000000000004,0.25450776877280124,0.99,0.001,490.8124081278026,751.3548884417427,500.0,17.0
274.0,42.52,0.2532352299289372,0.99,0.001,588.9649952184262,699.2495690413109,500.0,21.0
275.0,37.45,0.2519690537792925,0.99,0.001,653.5818696637225,652.4810295563414,500.0,14.0
276.0,34.30000000000002,0.2507092085103961,0.99,0.001,394.63370998463614,751.7090070432738,500.0,29.0
277.0,35.459999999999994,0.2494556624678441,0.99,0.001,643.5706352264219,655.9821813776293,500.0,14.0
278.0,33.39000000000001,0.24820838415550486,0.99,0.001,527.1423359219641,732.3943767661748,500.0,22.0
279.0,51.30000000000001,0.24696734223472733,0.99,0.001,642.7041823498867,670.0,500.0,22.0
280.0,30.49999999999999,0.2457325055235537,0.99,0.001,601.1558950956845,695.5292375567908,500.0,14.0
281.0,20.67,0.24450384299593592,0.99,0.001,534.801099762008,727.6259248813719,500.0,14.0
282.0,32.099999999999994,0.24328132378095624,0.99,0.001,630.7370509776772,675.0173662368475,500.0,13.0
283.0,28.659999999999997,0.24206491716205145,0.99,0.001,523.3133369756896,727.9576662050762,500.0,20.0
284.0,68.99999999999999,0.2408545925762412,0.99,0.001,630.8212986110318,489.76811517175383,500.0,26.0
285.0,28.11000000000001,0.23965031961336,0.99,0.001,509.2406320948152,741.6840549322013,500.0,22.0
286.0,25.099999999999994,0.2384520680152932,0.99,0.001,564.2266808667612,711.3192800985613,500.0,14.0
287.0,40.000000000000014,0.23725980767521673,0.99,0.001,667.7846086642289,639.0168891382544,500.0,15.0
288.0,43.10000000000001,0.23607350863684065,0.99,0.001,630.457667641459,669.0592438305911,500.0,18.0
289.0,34.30000000000001,0.23489314109365644,0.99,0.001,640.2010582094421,667.3319995327035,500.0,14.0
290.0,34.220000000000006,0.23371867538818816,0.99,0.001,610.7686803907529,688.1545117256194,500.0,17.0
291.0,38.09999999999999,0.23255008201124722,0.99,0.001,649.7666003847714,655.0366673391844,500.0,16.0
292.0,33.26999999999999,0.231387331601191,0.99,0.001,642.2573691457563,678.4458998320265,500.0,13.0
293.0,32.48000000000001,0.23023039494318503,0.99,0.001,492.15539053025344,738.2726941242323,500.0,29.0
294.0,55.41999999999997,0.2290792429684691,0.99,0.001,611.3409415692153,679.8831174924485,500.0,29.0
295.0,23.700000000000003,0.22793384675362674,0.99,0.001,534.0809933741446,729.6967044048326,500.0,16.0
296.0,27.7,0.22679417751985861,0.99,0.001,604.147451635742,699.9702048421311,500.0,13.0
297.0,28.10000000000001,0.22566020663225933,0.99,0.001,598.025314483492,694.236828789954,500.0,13.0
298.0,23.799999999999997,0.22453190559909803,0.99,0.001,521.0796674995719,735.9223092215013,500.0,16.0
299.0,34.800000000000004,0.22340924607110255,0.99,0.001,657.1782843052409,654.320730509852,500.0,13.0
300.0,44.459999999999994,0.22229219984074702,0.99,0.001,405.43569679193604,750.906105994735,500.0,44.0
301.0,40.21,0.2211807388415433,0.99,0.001,670.806071685986,645.3103769761802,500.0,15.0
302.0,21.100000000000005,0.22007483514733558,0.99,0.001,397.85273908764776,649.5701771015742,500.0,26.0
303.0,29.80000000000001,0.2189744609715989,0.99,0.001,594.7539283911683,704.3432217636092,500.0,14.0
304.0,67.81,0.2178795886667409,0.99,0.001,757.2973100741272,500.93435037766244,500.0,22.0
305.0,40.56,0.2167901907234072,0.99,0.001,644.4380650943344,663.4664193475934,500.0,17.0
306.0,37.2,0.21570623976979014,0.99,0.001,650.4569750716744,646.8290382261073,500.0,14.0
307.0,34.50000000000001,0.21462770857094118,0.99,0.001,634.7063735917393,670.0,500.0,14.0
308.0,31.499999999999993,0.21355457002808648,0.99,0.001,623.9660786868609,684.711027663518,500.0,13.0
309.0,49.49999999999999,0.21248679717794605,0.99,0.001,592.7860491264864,695.938258967677,500.0,24.0
310.0,42.9,0.21142436319205632,0.99,0.001,644.9863693072097,652.8044897374331,500.0,19.0
311.0,47.7,0.21036724137609603,0.99,0.001,664.1367614161186,642.899824785294,500.0,19.0
312.0,46.89999999999996,0.20931540516921554,0.99,0.001,369.7756949606274,647.303473539647,500.0,51.0
313.0,35.4,0.20826882814336947,0.99,0.001,663.457667641459,659.6516821365024,500.0,13.0
314.0,23.420000000000005,0.20722748400265262,0.99,0.001,552.4446696665909,729.6987408301289,500.0,15.0
315.0,36.67000000000001,0.20619134658263935,0.99,0.001,654.419407770677,651.4184312610353,500.0,14.0
316.0,37.27,0.20516038984972615,0.99,0.001,661.6370310932696,656.595317878887,500.0,14.0
317.0,42.400000000000006,0.2041345879004775,0.99,0.001,684.4086650311306,610.9835998821907,500.0,15.0
318.0,29.22,0.2031139149609751,0.99,0.001,610.7614208104321,691.8260948284643,500.0,13.0
319.0,33.39000000000001,0.20209834538617025,0.99,0.001,612.9259657183932,680.5160839016073,500.0,16.0
320.0,35.099999999999994,0.2010878536592394,0.99,0.001,659.9337502324167,656.5536210171518,500.0,13.0
321.0,42.110000000000014,0.2000824143909432,0.99,0.001,609.1014979589723,692.5867266956308,500.0,20.0
322.0,44.79,0.19908200231898848,0.99,0.001,583.6088417003052,703.5130338153501,500.0,25.0
323.0,27.0,0.19808659230739353,0.99,0.001,521.8406615581073,733.6986404588198,500.0,20.0
324.0,35.099999999999994,0.19709615934585656,0.99,0.001,659.9337502324167,656.5536210171518,500.0,13.0
325.0,23.5,0.19611067854912728,0.99,0.001,556.5116993009347,721.5131801766572,500.0,13.0
326.0,62.90000000000002,0.19513012515638165,0.99,0.001,724.984026361647,554.75522756416,500.0,22.0
327.0,47.63000000000001,0.19415447453059972,0.99,0.001,377.1217542663224,749.3035360110202,500.0,47.0
328.0,24.400000000000002,0.19318370215794672,0.99,0.001,564.4897886597703,726.083757696354,500.0,14.0
329.0,31.799999999999997,0.192217783647157,0.99,0.001,626.9317695968132,684.1113425411332,500.0,13.0
330.0,18.6,0.1912566947289212,0.99,0.001,504.48372601396716,738.0653886221955,500.0,14.0
331.0,34.030000000000015,0.1903004112552766,0.99,0.001,609.0569667732714,690.0808963848847,500.0,17.0
332.0,36.03999999999999,0.18934890919900021,0.99,0.001,649.291376765118,655.0761049307816,500.0,14.0
333.0,40.61000000000001,0.18840216465300522,0.99,0.001,664.4638412910089,645.031034134332,500.0,15.0
334.0,40.5,0.18746015382974018,0.99,0.001,652.7117803719169,651.3562855461892,500.0,16.0
335.0,36.94000000000001,0.1865228530605915,0.99,0.001,539.0704951133303,723.9573799197755,500.0,25.0
336.0,42.09,0.18559023879528855,0.99,0.001,682.7100434733208,613.1950034746184,500.0,15.0
337.0,22.770000000000003,0.1846622876013121,0.99,0.001,513.111892407715,748.3044716718994,500.0,17.0
338.0,34.8,0.18373897616330553,0.99,0.001,656.4589557072779,653.7657095804516,500.0,13.0
339.0,37.790000000000006,0.182820281282489,0.99,0.001,655.9990458681641,644.9958027135925,500.0,14.0
340.0,30.370000000000005,0.18190617987607657,0.99,0.001,423.98953886516813,750.687943664242,500.0,28.0
341.0,32.27,0.18099664897669618,0.99,0.001,578.8175137227284,701.5210515073411,500.0,19.0
342.0,41.31,0.1800916657318127,0.99,0.001,661.1544947980557,646.6125893883857,500.0,16.0
343.0,53.69999999999999,0.17919120740315364,0.99,0.001,691.5905408638151,615.0735208454327,500.0,20.0
344.0,39.49999999999999,0.17829525136613786,0.99,0.001,591.2184224463429,705.8358642938782,500.0,19.0
345.0,34.40000000000001,0.17740377510930716,0.99,0.001,631.8912993930397,687.7200991778386,500.0,14.0
346.0,30.5,0.17651675623376062,0.99,0.001,624.1800848830624,679.3732046225624,500.0,12.0
347.0,39.49999999999999,0.1756341724525918,0.99,0.001,559.1053198328785,711.8336565758892,500.0,21.0
348.0,28.29,0.17475600159032884,0.99,0.001,549.5888150327737,730.4004967371599,500.0,19.0
349.0,35.930000000000014,0.17388222158237718,0.99,0.001,627.3537523943556,687.2889104054535,500.0,15.0
350.0,48.42,0.1730128104744653,0.99,0.001,706.7525946308722,602.8848631273228,500.0,17.0
351.0,142.93999999999994,0.17214774642209296,0.99,0.001,502.93375150535485,175.31067897146775,500.0,38.0
352.0,29.950000000000003,0.1712870076899825,0.99,0.001,597.4485387666359,689.2210871045784,500.0,14.0
353.0,23.900000000000006,0.17043057265153258,0.99,0.001,550.4552541606818,720.2047682443366,500.0,13.0
354.0,48.15000000000002,0.16957841978827493,0.99,0.001,585.794621027895,708.9458819303169,500.0,25.0
355.0,35.4,0.16873052768933355,0.99,0.001,663.457667641459,659.6516821365024,500.0,13.0
356.0,41.8,0.1678868750508869,0.99,0.001,683.5955350928635,624.1465064835371,500.0,15.0
357.0,35.46999999999999,0.16704744067563246,0.99,0.001,643.8174484305522,658.7835441932025,500.0,14.0
358.0,33.00000000000001,0.1662122034722543,0.99,0.001,638.982693058538,666.8950674663442,500.0,13.0
359.0,42.94,0.16538114245489302,0.99,0.001,571.4295624480662,722.4146002145054,500.0,26.0
360.0,38.7,0.16455423674261854,0.99,0.001,660.9713452353121,646.1079980892789,500.0,16.0
361.0,34.5,0.16373146555890544,0.99,0.001,652.7117803719169,651.3562855461892,500.0,13.0
362.0,29.5,0.16291280823111093,0.99,0.001,518.1964709650696,734.9818893630465,500.0,19.0
363.0,30.900000000000006,0.16209824418995536,0.99,0.001,618.3754960719832,675.6445370164532,500.0,13.0
364.0,43.91999999999999,0.16128775296900558,0.99,0.001,608.2999474090072,681.5503951910757,500.0,20.0
365.0,34.30000000000001,0.16048131420416054,0.99,0.001,640.2010582094421,667.3319995327035,500.0,14.0
366.0,134.49999999999974,0.15967890763313974,0.99,0.001,91.64745085417134,585.2333023720151,500.0,103.0
367.0,29.4,0.15888051309497406,0.99,0.001,602.6209580950621,691.2963208493802,500.0,13.0
368.0,26.799999999999997,0.1580861105294992,0.99,0.001,595.5243605086384,691.524013560367,500.0,13.0
369.0,59.510000000000005,0.1572956799768517,0.99,0.001,731.0171688223168,533.2349939689108,500.0,19.0
370.0,30.45,0.15650920157696743,0.99,0.001,554.880834678876,724.9179768903743,500.0,17.0
371.0,55.690000000000005,0.1557266555690826,0.99,0.001,637.342408586529,668.5288461688203,500.0,28.0
372.0,36.5,0.1549480222912372,0.99,0.001,654.6713137220963,670.0,500.0,14.0
373.0,51.5,0.15417328217978102,0.99,0.001,623.9317695968132,684.1113425411332,500.0,23.0
374.0,34.5,0.1534024157688821,0.99,0.001,652.7117803719169,651.3562855461892,500.0,13.0
375.0,34.5,0.1526354036900377,0.99,0.001,652.7117803719169,651.3562855461892,500.0,13.0
376.0,57.74000000000001,0.1518722266715875,0.99,0.001,741.1428930423863,523.9694356149806,500.0,19.0
377.0,45.790000000000006,0.15111286553822956,0.99,0.001,704.2535216625997,595.0928437127818,500.0,16.0
378.0,31.77000000000001,0.15035730121053842,0.99,0.001,584.037135753939,706.2543538681506,500.0,16.0
379.0,33.300000000000004,0.14960551470448571,0.99,0.001,642.1141675696994,658.7418473314672,500.0,13.0
380.0,29.599999999999998,0.14885748713096328,0.99,0.001,615.1141675696994,681.2581526685328,500.0,12.0
381.0,25.790000000000006,0.14811319969530845,0.99,0.001,412.07355800429514,767.0722311120604,500.0,24.0
382.0,30.8,0.1473726336968319,0.99,0.001,626.621138152844,673.7939460420093,500.0,13.0
383.0,38.97000000000001,0.14663577052834775,0.99,0.001,657.7435189478233,643.2463980991549,500.0,15.0
384.0,34.16,0.14590259167570602,0.99,0.001,651.108614014534,660.6237968448914,500.0,13.0
385.0,35.19999999999999,0.1451730787173275,0.99,0.001,647.9630407697946,647.8320321215559,500.0,14.0
386.0,34.2,0.14444721332374086,0.99,0.001,651.8520911749433,672.8222685082267,500.0,13.0
387.0,33.29,0.14372497725712216,0.99,0.001,631.8701163292353,678.4249941393729,500.0,14.0
388.0,34.5,0.14300635237083656,0.99,0.001,652.7117803719169,651.3562855461892,500.0,13.0
389.0,29.96,0.14229132060898236,0.99,0.001,609.0089125102367,681.2786211865798,500.0,13.0
390.0,45.5,0.14157986400593744,0.99,0.001,699.6298719206934,592.4092861440076,500.0,16.0
391.0,36.980000000000004,0.14087196468590776,0.99,0.001,659.1776873138356,658.1255665727946,500.0,14.0
392.0,34.5,0.14016760486247823,0.99,0.001,652.7117803719169,651.3562855461892,500.0,13.0
393.0,42.64999999999999,0.13946676683816583,0.99,0.001,636.0743512701147,672.4982302720969,500.0,18.0
394.0,27.400000000000006,0.138769433003975,0.99,0.001,603.1454156774506,686.306440269754,500.0,12.0
395.0,43.220000000000006,0.13807558583895513,0.99,0.001,641.8559750291274,663.4356125067914,500.0,18.0
396.0,28.629999999999995,0.13738520790976036,0.99,0.001,605.073791212361,688.4009969404378,500.0,13.0
397.0,98.49000000000005,0.13669828187021155,0.99,0.001,133.69999618192014,631.0946845851719,500.0,71.0
398.0,34.5,0.13601479046086049,0.99,0.001,654.6713137220963,663.7282922039408,500.0,13.0
399.0,30.779999999999994,0.1353347165085562,0.99,0.001,627.0117007434944,679.4180145404156,500.0,13.0
400.0,33.870000000000005,0.1346580429260134,0.99,0.001,535.2230468448769,725.735070584397,500.0,24.0
401.0,41.690000000000005,0.13398475271138335,0.99,0.001,685.2850989550567,615.2887676285236,500.0,15.0
402.0,35.690000000000005,0.13331482894782642,0.99,0.001,636.4075183936077,660.6028911522379,500.0,14.0
403.0,41.5,0.13264825480308728,0.99,0.001,593.4405407577792,693.4845471636957,500.0,19.0
404.0,34.49,0.13198501352907185,0.99,0.001,653.4266981450031,654.4102358219866,500.0,13.0
405.0,38.10000000000001,0.1313250884614265,0.99,0.001,640.1382488575655,663.9051265238994,500.0,17.0
406.0,31.099999999999998,0.13066846301911936,0.99,0.001,630.819222547153,666.5505607121675,500.0,12.0
407.0,30.89,0.13001512070402377,0.99,0.001,595.5780331824917,703.0109314913938,500.0,15.0
408.0,26.900000000000002,0.12936504510050365,0.99,0.001,585.9020172740071,700.8903467686241,500.0,13.0
409.0,29.93,0.12871821987500112,0.99,0.001,608.3500966568585,682.5016042068113,500.0,13.0
410.0,44.3,0.12807462877562611,0.99,0.001,697.6076954088388,617.9095321822698,500.0,15.0
411.0,26.300000000000004,0.12743425563174798,0.99,0.001,536.6810359028937,737.7195568034097,500.0,17.0
412.0,27.099999999999998,0.12679708435358925,0.99,0.001,598.1310173218468,700.2837902319341,500.0,13.0
413.0,24.2,0.1261630989318213,0.99,0.001,555.534074199502,714.6010666966531,500.0,14.0
414.0,43.20000000000001,0.1255322834371622,0.99,0.001,675.5335409610591,625.1627546821857,500.0,16.0
415.0,33.230000000000004,0.12490462201997637,0.99,0.001,641.482817933452,660.6580393928461,500.0,13.0
416.0,34.5,0.1242800989098765,0.99,0.001,652.7117803719169,651.3562855461892,500.0,13.0
417.0,34.8,0.12365869841532712,0.99,0.001,656.4589557072779,653.7657095804516,500.0,13.0
418.0,39.0,0.12304040492325048,0.99,0.001,665.4557071677449,628.9288945295004,500.0,14.0
419.0,33.61,0.12242520289863423,0.99,0.001,422.25958547272626,749.9195276193294,500.0,33.0
420.0,41.8,0.12181307688414106,0.99,0.001,679.5256000781177,611.6205344912804,500.0,15.0
421.0,21.71,0.12120401149972035,0.99,0.001,519.7157479737104,736.6194485116691,500.0,16.0
422.0,26.8,0.12059799144222175,0.99,0.001,596.5718352111585,691.6064705320306,500.0,12.0
423.0,41.77000000000001,0.11999500148501063,0.99,0.001,681.7503102694545,618.7966284408716,500.0,15.0
424.0,24.299999999999994,0.11939502647758558,0.99,0.001,534.693349056889,733.4392414723934,500.0,15.0
425.0,26.600000000000005,0.11879805134519765,0.99,0.001,579.4517225722439,716.7996001324265,500.0,14.0
426.0,42.400000000000006,0.11820406108847166,0.99,0.001,685.5420343920129,611.9341198810833,500.0,15.0
427.0,29.370000000000005,0.1176130407830293,0.99,0.001,601.9307080742245,693.7462742951741,500.0,13.0
428.0,34.5,0.11702497557911415,0.99,0.001,652.7117803719169,651.3562855461892,500.0,13.0
429.0,31.099999999999998,0.11643985070121858,0.99,0.001,630.819222547153,666.5505607121675,500.0,12.0
430.0,21.700000000000003,0.11585765144771248,0.99,0.001,533.0530452575063,731.641866024911,500.0,15.0
431.0,30.8,0.11527836319047392,0.99,0.001,626.621138152844,673.7939460420093,500.0,13.0
432.0,37.33000000000001,0.11470197137452155,0.99,0.001,524.4557941898249,732.4761651104919,500.0,25.0
433.0,34.5,0.11412846151764894,0.99,0.001,652.7117803719169,651.3562855461892,500.0,13.0
434.0,31.200000000000006,0.1135578192100607,0.99,0.001,620.538966583368,675.3618729910241,500.0,13.0
435.0,28.119999999999997,0.11299003011401039,0.99,0.001,589.3698951108863,694.9275604536704,500.0,13.0
436.0,19.85,0.11242507996344034,0.99,0.001,495.8685138334313,739.6525523966582,500.0,16.0
437.0,30.5,0.11186295456362313,0.99,0.001,624.8356568610482,673.1358538980296,500.0,12.0
438.0,42.4,0.11130363979080501,0.99,0.001,687.5951358709993,615.9227703931846,500.0,15.0
439.0,128.3699999999999,0.11074712159185099,0.99,0.001,198.03872001540802,686.3124679148223,500.0,115.0
440.0,34.5,0.11019338598389174,0.99,0.001,654.6713137220963,663.7282922039408,500.0,13.0
441.0,24.059999999999995,0.10964241905397228,0.99,0.001,552.6730188135066,718.6171480972978,500.0,14.0
442.0,32.70000000000001,0.10909420695870241,0.99,0.001,635.8676528612717,669.0901651949649,500.0,13.0
443.0,26.900000000000002,0.1085487359239089,0.99,0.001,585.9020172740071,700.8903467686241,500.0,13.0
444.0,34.8,0.10800599224428936,0.99,0.001,656.4589557072779,653.7657095804516,500.0,13.0
445.0,33.61,0.10746596228306791,0.99,0.001,635.6086140145339,660.6237968448914,500.0,13.0
446.0,30.900000000000002,0.10692863247165257,0.99,0.001,617.5225322694729,675.6754583808271,500.0,13.0
447.0,55.499999999999986,0.1063939893092943,0.99,0.001,723.9346044357669,561.6482878342177,500.0,19.0
448.0,29.069999999999993,0.10586201936274783,0.99,0.001,587.5782332969561,695.9697851805186,500.0,14.0
449.0,26.000000000000004,0.10533270926593409,0.99,0.001,576.3666894142128,703.640804207584,500.0,12.0
450.0,34.5,0.10480604571960442,0.99,0.001,652.7117803719169,651.3562855461892,500.0,13.0
451.0,32.04,0.1042820154910064,0.99,0.001,490.18715276000825,738.9614441929517,500.0,24.0
452.0,39.00000000000001,0.10376060541355137,0.99,0.001,666.9491595223069,632.483131559682,500.0,14.0
453.0,33.800000000000004,0.1032418023864836,0.99,0.001,626.9317695968132,684.1113425411332,500.0,14.0
454.0,37.27,0.10272559337455119,0.99,0.001,642.553734606333,672.7909099692464,500.0,15.0
455.0,25.700000000000006,0.10221196540767843,0.99,0.001,573.1357146490217,705.5187679122695,500.0,14.0
456.0,35.4,0.10170090558064004,0.99,0.001,663.457667641459,659.6516821365024,500.0,13.0
457.0,64.86,0.10119240105273684,0.99,0.001,739.8837846138772,528.285323853132,500.0,22.0
458.0,26.200000000000006,0.10068643904747315,0.99,0.001,554.8026149196584,717.3309098926972,500.0,15.0
459.0,34.5,0.10018300685223579,0.99,0.001,654.6713137220963,663.7282922039408,500.0,13.0
460.0,38.75,0.0996820918179746,0.99,0.001,595.9841555274204,693.3840270254392,500.0,18.0
461.0,31.099999999999998,0.09918368135888474,0.99,0.001,630.819222547153,666.5505607121675,500.0,12.0
462.0,38.390000000000015,0.09868776295209031,0.99,0.001,660.178902031266,638.322806657022,500.0,15.0
463.0,26.3,0.09819432413732986,0.99,0.001,533.4503711154969,743.8479371314859,500.0,17.0
464.0,34.480000000000004,0.09770335251664321,0.99,0.001,653.8184747945003,657.5221854948165,500.0,13.0
465.0,32.10000000000001,0.09721483575406,0.99,0.001,629.9482039107083,683.7977571513303,500.0,13.0
466.0,18.64,0.09672876157528969,0.99,0.001,494.16957814524386,738.418203366844,500.0,15.0
467.0,38.70000000000001,0.09624511776741324,0.99,0.001,663.9327252084117,632.169546169879,500.0,14.0
468.0,30.5,0.09576389217857617,0.99,0.001,624.8356568610482,673.1358538980296,500.0,12.0
469.0,35.410000000000004,0.09528507271768329,0.99,0.001,649.8344423457524,652.6072738087736,500.0,15.0
470.0,54.29999999999999,0.09480864735409487,0.99,0.001,714.9608429463658,570.7136151822091,500.0,19.0
471.0,34.5,0.0943346041173244,0.99,0.001,652.7117803719169,651.3562855461892,500.0,13.0
472.0,21.190000000000005,0.09386293109673778,0.99,0.001,514.2287507591675,735.95,500.0,16.0
473.0,31.089999999999996,0.09339361644125409,0.99,0.001,630.9,670.0,500.0,12.0
474.0,23.4,0.09292664835904782,0.99,0.001,476.7378184419785,635.834121981633,500.0,19.0
475.0,34.49,0.09246201511725258,0.99,0.001,654.7356568610481,666.8641461019704,500.0,13.0
476.0,28.380000000000003,0.09199970504166631,0.99,0.001,600.5237928137678,704.9391485278067,500.0,13.0
477.0,36.39999999999999,0.09153970651645797,0.99,0.001,652.5296188902917,653.1907197102048,500.0,14.0
478.0,34.599999999999994,0.09108200798387568,0.99,0.001,644.5730956156336,657.1979703325209,500.0,14.0
479.0,19.500000000000004,0.0906265979439563,0.99,0.001,516.9134295108993,737.5,500.0,14.0
480.0,34.8,0.09017346495423652,0.99,0.001,656.4589557072779,653.7657095804516,500.0,13.0
481.0,18.6,0.08972259762946533,0.99,0.001,507.92202427923996,734.8434902981419,500.0,14.0
482.0,37.73,0.089273984641318,0.99,0.001,656.5774379990752,656.2126956949965,500.0,14.0
483.0,41.30000000000001,0.0888276147181114,0.99,0.001,642.7041823498867,670.0,500.0,17.0
484.0,22.699999999999996,0.08838347664452084,0.99,0.001,561.127368817192,712.5127553084474,500.0,14.0
485.0,39.3,0.08794155926129824,0.99,0.001,671.5044774355385,641.4637295279306,500.0,14.0
486.0,36.31,0.08750185146499175,0.99,0.001,660.2480125443117,646.1391921678405,500.0,14.0
487.0,30.000000000000007,0.08706434220766679,0.99,0.001,608.7370786390212,685.317584200208,500.0,13.0
488.0,17.800000000000004,0.08662902049662846,0.99,0.001,480.2596411515586,742.2661054867567,500.0,15.0
489.0,41.8,0.08619587539414532,0.99,0.001,679.5256000781177,611.6205344912804,500.0,15.0
490.0,34.5,0.08576489601717459,0.99,0.001,652.7117803719169,651.3562855461892,500.0,13.0
491.0,38.5,0.08533607153708872,0.99,0.001,653.3110468822213,650.9434410722249,500.0,15.0
492.0,26.900000000000002,0.08490939117940327,0.99,0.001,585.9020172740071,700.8903467686241,500.0,13.0
493.0,19.800000000000004,0.08448484422350626,0.99,0.001,463.4808072475871,757.3738353924941,500.0,17.0
494.0,43.300000000000004,0.08406242000238873,0.99,0.001,696.6444388126849,616.8635265625934,500.0,15.0
495.0,31.100000000000005,0.08364210790237678,0.99,0.001,629.6868754084247,672.5396044827975,500.0,13.0
496.0,23.9,0.0832238973628649,0.99,0.001,550.538674319742,719.2607265246639,500.0,15.0
497.0,33.6,0.08280777787605056,0.99,0.001,645.5398392109348,666.8641461019704,500.0,13.0
498.0,34.8,0.08239373898667031,0.99,0.001,656.4589557072779,653.7657095804516,500.0,13.0
499.0,30.300000000000008,0.08198177029173696,0.99,0.001,610.2126487179762,694.9631457267417,500.0,14.0
